id,title,description,availability,condition,price,link,image_link,additional_image_link,brand,google_product_category,fb_product_category,product_type,item_group_id,color,material,gender,age_group
"lace-black","حزام دانتيل أسود","حزام الدانتيل الأسود هو الحتة اللي بتحوّل الفستان الأسود البسيط لطقم سهرة كامل. مناسب لفساتين السواريه والخطوبة والفرح، ولخروجات بالليل، وكمان على فستان كاجوال لو عايزة لمسة ناعمة. الدانتيل مشغول على بطانة من جلد PU مستورد عالي الجودة، فبيفضل محافظ على شكله ومش بيتكرمش، وأطرافه مقفولة بعناية من غير خيوط سايبة. بيتربط بشريط جلد رفيع فيونكة صغيرة في النص أو على جنب، وبيحدد الوسط من غير ما يضغط عليكي. جربيه على فستان أسود سادة أو أبيض عشان التباين، مع شنطة سودا صغيرة. المقاس العادي عرض 14 سم وطول 140 سم، وبيتلف ويتربط فبيلبس لحد وزن 90 كيلو، ولو محتاجة مقاس خاص اكتبيه في الملاحظات وإحنا نعمله. والشريط طويل كفاية إنك تلفيه مرتين حوالين الوسط لو حابة شكل أرفع. العناية بيه سهلة: امسحيه بقماشة مبلولة ميّة بس، وسيبيه ينشف بعيد عن الشمس، وخزّنيه مفرود أو ملفوف لفّة واسعة عشان يفضل بشكله. وكمان هدية لطيفة لصاحبتك أو أختك أو مامتك، لأنه مقاس واحد مناسب للكل ومش محتاجة تعرفي مقاسها. اطلبيه دلوقتي بـ300 جنيه بس، والتوصيل لكل محافظات مصر خلال 3 أيام عمل، والدفع عند الاستلام أو InstaPay، ومعاكي 14 يوم استرجاع بفلوسك كاملة. ولو عندك أي سؤال، كلمينا على واتساب وهنرد عليكي على طول.","in stock","new","300.00 EGP","https://vicuna-eg.com/p/lace-black/","https://vicuna-eg.com/catalog/img/lace-black.jpg","https://vicuna-eg.com/catalog/img/lace-black-detail.jpg","Vicuna","169","Clothing & Accessories > Accessories > Belts","Belts > دانتيل","lace","أسود","دانتيل على بطانة جلد PU","female","adult"
"lace-red","حزام دانتيل أحمر","لو عايزة كل العيون عليكي، الدانتيل الأحمر هو اختيارك. مناسب لفساتين السواريه والخطوبة والفرح، ولخروجات بالليل، وكمان على فستان كاجوال لو عايزة لمسة ناعمة. الدانتيل مشغول على بطانة من جلد PU مستورد عالي الجودة، فبيفضل محافظ على شكله ومش بيتكرمش، وأطرافه مقفولة بعناية من غير خيوط سايبة. بيتربط بشريط جلد رفيع فيونكة صغيرة في النص أو على جنب، وبيحدد الوسط من غير ما يضغط عليكي. بيطلع حلو جداً على الأسود والأبيض والبيج، ومع جزمة حمرا يقفل اللوك. المقاس العادي عرض 14 سم وطول 140 سم، وبيتلف ويتربط فبيلبس لحد وزن 90 كيلو، ولو محتاجة مقاس خاص اكتبيه في الملاحظات وإحنا نعمله. والشريط طويل كفاية إنك تلفيه مرتين حوالين الوسط لو حابة شكل أرفع. العناية بيه سهلة: امسحيه بقماشة مبلولة ميّة بس، وسيبيه ينشف بعيد عن الشمس، وخزّنيه مفرود أو ملفوف لفّة واسعة عشان يفضل بشكله. وكمان هدية لطيفة لصاحبتك أو أختك أو مامتك، لأنه مقاس واحد مناسب للكل ومش محتاجة تعرفي مقاسها. اطلبيه دلوقتي بـ300 جنيه بس، والتوصيل لكل محافظات مصر خلال 3 أيام عمل، والدفع عند الاستلام أو InstaPay، ومعاكي 14 يوم استرجاع بفلوسك كاملة. ولو عندك أي سؤال، كلمينا على واتساب وهنرد عليكي على طول.","in stock","new","300.00 EGP","https://vicuna-eg.com/p/lace-red/","https://vicuna-eg.com/catalog/img/lace-red.jpg","https://vicuna-eg.com/catalog/img/lace-red-detail.jpg","Vicuna","169","Clothing & Accessories > Accessories > Belts","Belts > دانتيل","lace","أحمر","دانتيل على بطانة جلد PU","female","adult"
"lace-white","حزام دانتيل أبيض","دانتيل أبيض رقيق يدّي أي فستان إحساس ناعم وفاتح. مناسب لفساتين السواريه والخطوبة والفرح، ولخروجات بالليل، وكمان على فستان كاجوال لو عايزة لمسة ناعمة. الدانتيل مشغول على بطانة من جلد PU مستورد عالي الجودة، فبيفضل محافظ على شكله ومش بيتكرمش، وأطرافه مقفولة بعناية من غير خيوط سايبة. بيتربط بشريط جلد رفيع فيونكة صغيرة في النص أو على جنب، وبيحدد الوسط من غير ما يضغط عليكي. حلو على الفساتين الفاتحة والباستيل، وكمان على الأسود لو بتحبي التباين. المقاس العادي عرض 14 سم وطول 140 سم، وبيتلف ويتربط فبيلبس لحد وزن 90 كيلو، ولو محتاجة مقاس خاص اكتبيه في الملاحظات وإحنا نعمله. والشريط طويل كفاية إنك تلفيه مرتين حوالين الوسط لو حابة شكل أرفع. العناية بيه سهلة: امسحيه بقماشة مبلولة ميّة بس، وسيبيه ينشف بعيد عن الشمس، وخزّنيه مفرود أو ملفوف لفّة واسعة عشان يفضل بشكله. وكمان هدية لطيفة لصاحبتك أو أختك أو مامتك، لأنه مقاس واحد مناسب للكل ومش محتاجة تعرفي مقاسها. اطلبيه دلوقتي بـ300 جنيه بس، والتوصيل لكل محافظات مصر خلال 3 أيام عمل، والدفع عند الاستلام أو InstaPay، ومعاكي 14 يوم استرجاع بفلوسك كاملة. ولو عندك أي سؤال، كلمينا على واتساب وهنرد عليكي على طول.","in stock","new","300.00 EGP","https://vicuna-eg.com/p/lace-white/","https://vicuna-eg.com/catalog/img/lace-white.jpg","https://vicuna-eg.com/catalog/img/lace-white-detail.jpg","Vicuna","169","Clothing & Accessories > Accessories > Belts","Belts > دانتيل","lace","أبيض","دانتيل على بطانة جلد PU","female","adult"
"lace-gold","حزام دانتيل دهبي","دانتيل بلون دهبي هادي، فخم من غير ما يبقى صارخ. مناسب لفساتين السواريه والخطوبة والفرح، ولخروجات بالليل، وكمان على فستان كاجوال لو عايزة لمسة ناعمة. الدانتيل مشغول على بطانة من جلد PU مستورد عالي الجودة، فبيفضل محافظ على شكله ومش بيتكرمش، وأطرافه مقفولة بعناية من غير خيوط سايبة. بيتربط بشريط جلد رفيع فيونكة صغيرة في النص أو على جنب، وبيحدد الوسط من غير ما يضغط عليكي. البسيه على فستان أسود أو كحلي أو أوف وايت، مع إكسسوارات دهبي. المقاس العادي عرض 14 سم وطول 140 سم، وبيتلف ويتربط فبيلبس لحد وزن 90 كيلو، ولو محتاجة مقاس خاص اكتبيه في الملاحظات وإحنا نعمله. والشريط طويل كفاية إنك تلفيه مرتين حوالين الوسط لو حابة شكل أرفع. العناية بيه سهلة: امسحيه بقماشة مبلولة ميّة بس، وسيبيه ينشف بعيد عن الشمس، وخزّنيه مفرود أو ملفوف لفّة واسعة عشان يفضل بشكله. وكمان هدية لطيفة لصاحبتك أو أختك أو مامتك، لأنه مقاس واحد مناسب للكل ومش محتاجة تعرفي مقاسها. اطلبيه دلوقتي بـ300 جنيه بس، والتوصيل لكل محافظات مصر خلال 3 أيام عمل، والدفع عند الاستلام أو InstaPay، ومعاكي 14 يوم استرجاع بفلوسك كاملة. ولو عندك أي سؤال، كلمينا على واتساب وهنرد عليكي على طول.","in stock","new","300.00 EGP","https://vicuna-eg.com/p/lace-gold/","https://vicuna-eg.com/catalog/img/lace-gold.jpg","https://vicuna-eg.com/catalog/img/lace-gold-detail.jpg","Vicuna","169","Clothing & Accessories > Accessories > Belts","Belts > دانتيل","lace","دهبي وبيج","دانتيل على بطانة جلد PU","female","adult"
"lace-caramel","حزام دانتيل كراميل","لون الكراميل الدافي بيدّي الدانتيل طابع مختلف وعصري. مناسب لفساتين السواريه والخطوبة والفرح، ولخروجات بالليل، وكمان على فستان كاجوال لو عايزة لمسة ناعمة. الدانتيل مشغول على بطانة من جلد PU مستورد عالي الجودة، فبيفضل محافظ على شكله ومش بيتكرمش، وأطرافه مقفولة بعناية من غير خيوط سايبة. بيتربط بشريط جلد رفيع فيونكة صغيرة في النص أو على جنب، وبيحدد الوسط من غير ما يضغط عليكي. بيمشي مع البيج والبني والأخضر الزيتي، ومع بوت بني. المقاس العادي عرض 14 سم وطول 140 سم، وبيتلف ويتربط فبيلبس لحد وزن 90 كيلو، ولو محتاجة مقاس خاص اكتبيه في الملاحظات وإحنا نعمله. والشريط طويل كفاية إنك تلفيه مرتين حوالين الوسط لو حابة شكل أرفع. العناية بيه سهلة: امسحيه بقماشة مبلولة ميّة بس، وسيبيه ينشف بعيد عن الشمس، وخزّنيه مفرود أو ملفوف لفّة واسعة عشان يفضل بشكله. وكمان هدية لطيفة لصاحبتك أو أختك أو مامتك، لأنه مقاس واحد مناسب للكل ومش محتاجة تعرفي مقاسها. اطلبيه دلوقتي بـ300 جنيه بس، والتوصيل لكل محافظات مصر خلال 3 أيام عمل، والدفع عند الاستلام أو InstaPay، ومعاكي 14 يوم استرجاع بفلوسك كاملة. ولو عندك أي سؤال، كلمينا على واتساب وهنرد عليكي على طول.","in stock","new","300.00 EGP","https://vicuna-eg.com/p/lace-caramel/","https://vicuna-eg.com/catalog/img/lace-caramel.jpg","https://vicuna-eg.com/catalog/img/lace-caramel-detail.jpg","Vicuna","169","Clothing & Accessories > Accessories > Belts","Belts > دانتيل","lace","بني","دانتيل على بطانة جلد PU","female","adult"
"bow-white","حزام فيونكة أبيض","فيونكة بيضا عريضة بتخلي الفستان السادة يبان كأنه طقم مختلف. مناسب للخروجات والعزومات والشغل، وبيقلب أي فستان سادة أو بلوزة وجيبة لطقم مميز. مصنوع من جلد PU مستورد فيه ليكرا طرية، فبيتشكّل على الخصر ويلف الوسط بشكل مظبوط، وعريض من قدّام وطري كفاية إن الفيونكة تقف بشكلها. الميزة الأساسية الفيونكة الكبيرة اللي بتتربط قدّام وبتشد العين على الوسط، وتقدري تكبّريها أو تصغّريها أو تربطيها عقدة وتسيبي الطرف نازل على حسب ذوقك. على فستان أسود أو كحلي أو أحمر بتبان جداً، أو على أبيض في أبيض للوك هادي. المقاس العادي عرض 14 سم وطول 140 سم، وبيتلف ويتربط فبيلبس لحد وزن 90 كيلو، ولو محتاجة مقاس خاص اكتبيه في الملاحظات وإحنا نعمله. والشريط طويل كفاية إنك تلفيه مرتين حوالين الوسط لو حابة شكل أرفع. العناية بيه سهلة: امسحيه بقماشة مبلولة ميّة بس، وسيبيه ينشف بعيد عن الشمس، وخزّنيه مفرود أو ملفوف لفّة واسعة عشان يفضل بشكله. وكمان هدية لطيفة لصاحبتك أو أختك أو مامتك، لأنه مقاس واحد مناسب للكل ومش محتاجة تعرفي مقاسها. اطلبيه دلوقتي بـ200 جنيه بس، والتوصيل لكل محافظات مصر خلال 3 أيام عمل، والدفع عند الاستلام أو InstaPay، ومعاكي 14 يوم استرجاع بفلوسك كاملة. ولو عندك أي سؤال، كلمينا على واتساب وهنرد عليكي على طول.","in stock","new","200.00 EGP","https://vicuna-eg.com/p/bow-white/","https://vicuna-eg.com/catalog/img/bow-white.jpg","https://vicuna-eg.com/catalog/img/bow-white-detail.jpg","Vicuna","169","Clothing & Accessories > Accessories > Belts","Belts > فيونكة عريضة","wide-bow","أبيض","جلد PU مستورد بليكرا طري","female","adult"
"bow-silver","حزام فيونكة فضي","لمعة فضي خفيفة في فيونكة عريضة، مناسبة لأي سهرة. مناسب للخروجات والعزومات والشغل، وبيقلب أي فستان سادة أو بلوزة وجيبة لطقم مميز. مصنوع من جلد PU مستورد فيه ليكرا طرية، فبيتشكّل على الخصر ويلف الوسط بشكل مظبوط، وعريض من قدّام وطري كفاية إن الفيونكة تقف بشكلها. الميزة الأساسية الفيونكة الكبيرة اللي بتتربط قدّام وبتشد العين على الوسط، وتقدري تكبّريها أو تصغّريها أو تربطيها عقدة وتسيبي الطرف نازل على حسب ذوقك. حلو على الأسود والرمادي والكحلي والأزرق، مع إكسسوارات فضي. المقاس العادي عرض 14 سم وطول 140 سم، وبيتلف ويتربط فبيلبس لحد وزن 90 كيلو، ولو محتاجة مقاس خاص اكتبيه في الملاحظات وإحنا نعمله. والشريط طويل كفاية إنك تلفيه مرتين حوالين الوسط لو حابة شكل أرفع. العناية بيه سهلة: امسحيه بقماشة مبلولة ميّة بس، وسيبيه ينشف بعيد عن الشمس، وخزّنيه مفرود أو ملفوف لفّة واسعة عشان يفضل بشكله. وكمان هدية لطيفة لصاحبتك أو أختك أو مامتك، لأنه مقاس واحد مناسب للكل ومش محتاجة تعرفي مقاسها. اطلبيه دلوقتي بـ200 جنيه بس، والتوصيل لكل محافظات مصر خلال 3 أيام عمل، والدفع عند الاستلام أو InstaPay، ومعاكي 14 يوم استرجاع بفلوسك كاملة. ولو عندك أي سؤال، كلمينا على واتساب وهنرد عليكي على طول.","in stock","new","200.00 EGP","https://vicuna-eg.com/p/bow-silver/","https://vicuna-eg.com/catalog/img/bow-silver.jpg","https://vicuna-eg.com/catalog/img/bow-silver-detail.jpg","Vicuna","169","Clothing & Accessories > Accessories > Belts","Belts > فيونكة عريضة","wide-bow","رمادي وفضي","جلد PU مستورد بليكرا طري","female","adult"
"bow-gold","حزام فيونكة دهبي","فيونكة دهبي عريضة تدّي الطقم لمسة فخامة على طول. مناسب للخروجات والعزومات والشغل، وبيقلب أي فستان سادة أو بلوزة وجيبة لطقم مميز. مصنوع من جلد PU مستورد فيه ليكرا طرية، فبيتشكّل على الخصر ويلف الوسط بشكل مظبوط، وعريض من قدّام وطري كفاية إن الفيونكة تقف بشكلها. الميزة الأساسية الفيونكة الكبيرة اللي بتتربط قدّام وبتشد العين على الوسط، وتقدري تكبّريها أو تصغّريها أو تربطيها عقدة وتسيبي الطرف نازل على حسب ذوقك. البسيها على أسود أو بيج أو أبيض، مع جزمة أو شنطة دهبي. المقاس العادي عرض 14 سم وطول 140 سم، وبيتلف ويتربط فبيلبس لحد وزن 90 كيلو، ولو محتاجة مقاس خاص اكتبيه في الملاحظات وإحنا نعمله. والشريط طويل كفاية إنك تلفيه مرتين حوالين الوسط لو حابة شكل أرفع. العناية بيه سهلة: امسحيه بقماشة مبلولة ميّة بس، وسيبيه ينشف بعيد عن الشمس، وخزّنيه مفرود أو ملفوف لفّة واسعة عشان يفضل بشكله. وكمان هدية لطيفة لصاحبتك أو أختك أو مامتك، لأنه مقاس واحد مناسب للكل ومش محتاجة تعرفي مقاسها. اطلبيه دلوقتي بـ200 جنيه بس، والتوصيل لكل محافظات مصر خلال 3 أيام عمل، والدفع عند الاستلام أو InstaPay، ومعاكي 14 يوم استرجاع بفلوسك كاملة. ولو عندك أي سؤال، كلمينا على واتساب وهنرد عليكي على طول.","in stock","new","200.00 EGP","https://vicuna-eg.com/p/bow-gold/","https://vicuna-eg.com/catalog/img/bow-gold.jpg","https://vicuna-eg.com/catalog/img/bow-gold-detail.jpg","Vicuna","169","Clothing & Accessories > Accessories > Belts","Belts > فيونكة عريضة","wide-bow","دهبي وبيج","جلد PU مستورد بليكرا طري","female","adult"
"bow-mustard","حزام فيونكة مسطردة","لون المسطردة المبهج هيصحّي أي لبس سادة. مناسب للخروجات والعزومات والشغل، وبيقلب أي فستان سادة أو بلوزة وجيبة لطقم مميز. مصنوع من جلد PU مستورد فيه ليكرا طرية، فبيتشكّل على الخصر ويلف الوسط بشكل مظبوط، وعريض من قدّام وطري كفاية إن الفيونكة تقف بشكلها. الميزة الأساسية الفيونكة الكبيرة اللي بتتربط قدّام وبتشد العين على الوسط، وتقدري تكبّريها أو تصغّريها أو تربطيها عقدة وتسيبي الطرف نازل على حسب ذوقك. بيطلع تحفة على الأسود والكحلي والأبيض والجينز. المقاس العادي عرض 14 سم وطول 140 سم، وبيتلف ويتربط فبيلبس لحد وزن 90 كيلو، ولو محتاجة مقاس خاص اكتبيه في الملاحظات وإحنا نعمله. والشريط طويل كفاية إنك تلفيه مرتين حوالين الوسط لو حابة شكل أرفع. العناية بيه سهلة: امسحيه بقماشة مبلولة ميّة بس، وسيبيه ينشف بعيد عن الشمس، وخزّنيه مفرود أو ملفوف لفّة واسعة عشان يفضل بشكله. وكمان هدية لطيفة لصاحبتك أو أختك أو مامتك، لأنه مقاس واحد مناسب للكل ومش محتاجة تعرفي مقاسها. اطلبيه دلوقتي بـ200 جنيه بس، والتوصيل لكل محافظات مصر خلال 3 أيام عمل، والدفع عند الاستلام أو InstaPay، ومعاكي 14 يوم استرجاع بفلوسك كاملة. ولو عندك أي سؤال، كلمينا على واتساب وهنرد عليكي على طول.","in stock","new","200.00 EGP","https://vicuna-eg.com/p/bow-mustard/","https://vicuna-eg.com/catalog/img/bow-mustard.jpg","https://vicuna-eg.com/catalog/img/bow-mustard-detail.jpg","Vicuna","169","Clothing & Accessories > Accessories > Belts","Belts > فيونكة عريضة","wide-bow","أصفر وبرتقالي","جلد PU مستورد بليكرا طري","female","adult"
"bow-burgundy","حزام فيونكة عنابي","عنابي غامق وأنيق، من الألوان اللي بتليق على كل البشرات. مناسب للخروجات والعزومات والشغل، وبيقلب أي فستان سادة أو بلوزة وجيبة لطقم مميز. مصنوع من جلد PU مستورد فيه ليكرا طرية، فبيتشكّل على الخصر ويلف الوسط بشكل مظبوط، وعريض من قدّام وطري كفاية إن الفيونكة تقف بشكلها. الميزة الأساسية الفيونكة الكبيرة اللي بتتربط قدّام وبتشد العين على الوسط، وتقدري تكبّريها أو تصغّريها أو تربطيها عقدة وتسيبي الطرف نازل على حسب ذوقك. حلو على الأسود والبيج والرمادي، وعلى فساتين الشتا التقيلة. المقاس العادي عرض 14 سم وطول 140 سم، وبيتلف ويتربط فبيلبس لحد وزن 90 كيلو، ولو محتاجة مقاس خاص اكتبيه في الملاحظات وإحنا نعمله. والشريط طويل كفاية إنك تلفيه مرتين حوالين الوسط لو حابة شكل أرفع. العناية بيه سهلة: امسحيه بقماشة مبلولة ميّة بس، وسيبيه ينشف بعيد عن الشمس، وخزّنيه مفرود أو ملفوف لفّة واسعة عشان يفضل بشكله. وكمان هدية لطيفة لصاحبتك أو أختك أو مامتك، لأنه مقاس واحد مناسب للكل ومش محتاجة تعرفي مقاسها. اطلبيه دلوقتي بـ200 جنيه بس، والتوصيل لكل محافظات مصر خلال 3 أيام عمل، والدفع عند الاستلام أو InstaPay، ومعاكي 14 يوم استرجاع بفلوسك كاملة. ولو عندك أي سؤال، كلمينا على واتساب وهنرد عليكي على طول.","in stock","new","200.00 EGP","https://vicuna-eg.com/p/bow-burgundy/","https://vicuna-eg.com/catalog/img/bow-burgundy.jpg","https://vicuna-eg.com/catalog/img/bow-burgundy-detail.jpg","Vicuna","169","Clothing & Accessories > Accessories > Belts","Belts > فيونكة عريضة","wide-bow","أحمر","جلد PU مستورد بليكرا طري","female","adult"
"bow-taupe","حزام فيونكة بني فاتح","بني فاتح هادي في فيونكة عريضة، من أسهل الألوان في التنسيق. مناسب للخروجات والعزومات والشغل، وبيقلب أي فستان سادة أو بلوزة وجيبة لطقم مميز. مصنوع من جلد PU مستورد فيه ليكرا طرية، فبيتشكّل على الخصر ويلف الوسط بشكل مظبوط، وعريض من قدّام وطري كفاية إن الفيونكة تقف بشكلها. الميزة الأساسية الفيونكة الكبيرة اللي بتتربط قدّام وبتشد العين على الوسط، وتقدري تكبّريها أو تصغّريها أو تربطيها عقدة وتسيبي الطرف نازل على حسب ذوقك. يمشي مع الأبيض والبيج والأسود والأخضر، ومع ألوان الخريف كلها. المقاس العادي عرض 14 سم وطول 140 سم، وبيتلف ويتربط فبيلبس لحد وزن 90 كيلو، ولو محتاجة مقاس خاص اكتبيه في الملاحظات وإحنا نعمله. والشريط طويل كفاية إنك تلفيه مرتين حوالين الوسط لو حابة شكل أرفع. العناية بيه سهلة: امسحيه بقماشة مبلولة ميّة بس، وسيبيه ينشف بعيد عن الشمس، وخزّنيه مفرود أو ملفوف لفّة واسعة عشان يفضل بشكله. وكمان هدية لطيفة لصاحبتك أو أختك أو مامتك، لأنه مقاس واحد مناسب للكل ومش محتاجة تعرفي مقاسها. اطلبيه دلوقتي بـ200 جنيه بس، والتوصيل لكل محافظات مصر خلال 3 أيام عمل، والدفع عند الاستلام أو InstaPay، ومعاكي 14 يوم استرجاع بفلوسك كاملة. ولو عندك أي سؤال، كلمينا على واتساب وهنرد عليكي على طول.","in stock","new","200.00 EGP","https://vicuna-eg.com/p/bow-taupe/","https://vicuna-eg.com/catalog/img/bow-taupe.jpg","https://vicuna-eg.com/catalog/img/bow-taupe-detail.jpg","Vicuna","169","Clothing & Accessories > Accessories > Belts","Belts > فيونكة عريضة","wide-bow","بني","جلد PU مستورد بليكرا طري","female","adult"
"sash-red","حزام فيونكة أحمر","حزام أحمر بطرف طويل: بسيط في الربط وجريء في اللون. مناسب للخروجات والعزومات والشغل، وبيقلب أي فستان سادة أو بلوزة وجيبة لطقم مميز. مصنوع من جلد PU مستورد فيه ليكرا طرية، فبيتشكّل على الخصر ويلف الوسط بشكل مظبوط، وعريض من قدّام وطري كفاية إن الفيونكة تقف بشكلها. الميزة الأساسية الفيونكة الكبيرة اللي بتتربط قدّام وبتشد العين على الوسط، وتقدري تكبّريها أو تصغّريها أو تربطيها عقدة وتسيبي الطرف نازل على حسب ذوقك. على فستان أسود أو أبيض أو جينز، ومع شنطة أو جزمة حمرا. المقاس العادي عرض 14 سم وطول 140 سم، وبيتلف ويتربط فبيلبس لحد وزن 90 كيلو، ولو محتاجة مقاس خاص اكتبيه في الملاحظات وإحنا نعمله. والشريط طويل كفاية إنك تلفيه مرتين حوالين الوسط لو حابة شكل أرفع. العناية بيه سهلة: امسحيه بقماشة مبلولة ميّة بس، وسيبيه ينشف بعيد عن الشمس، وخزّنيه مفرود أو ملفوف لفّة واسعة عشان يفضل بشكله. وكمان هدية لطيفة لصاحبتك أو أختك أو مامتك، لأنه مقاس واحد مناسب للكل ومش محتاجة تعرفي مقاسها. اطلبيه دلوقتي بـ200 جنيه بس، والتوصيل لكل محافظات مصر خلال 3 أيام عمل، والدفع عند الاستلام أو InstaPay، ومعاكي 14 يوم استرجاع بفلوسك كاملة. ولو عندك أي سؤال، كلمينا على واتساب وهنرد عليكي على طول.","in stock","new","200.00 EGP","https://vicuna-eg.com/p/sash-red/","https://vicuna-eg.com/catalog/img/sash-red.jpg","https://vicuna-eg.com/catalog/img/sash-red-detail.jpg","Vicuna","169","Clothing & Accessories > Accessories > Belts","Belts > فيونكة عريضة","wide-bow","أحمر","جلد PU مستورد بليكرا طري","female","adult"
"sash-black","حزام فيونكة أسود","الحزام الأسود اللي كل دولاب محتاجه، بطرف طويل يدّي حركة للبس. مناسب للخروجات والعزومات والشغل، وبيقلب أي فستان سادة أو بلوزة وجيبة لطقم مميز. مصنوع من جلد PU مستورد فيه ليكرا طرية، فبيتشكّل على الخصر ويلف الوسط بشكل مظبوط، وعريض من قدّام وطري كفاية إن الفيونكة تقف بشكلها. الميزة الأساسية الفيونكة الكبيرة اللي بتتربط قدّام وبتشد العين على الوسط، وتقدري تكبّريها أو تصغّريها أو تربطيها عقدة وتسيبي الطرف نازل على حسب ذوقك. بيمشي مع كل الألوان تقريباً، وخصوصاً الأبيض والبيج والألوان الفاتحة. المقاس العادي عرض 14 سم وطول 140 سم، وبيتلف ويتربط فبيلبس لحد وزن 90 كيلو، ولو محتاجة مقاس خاص اكتبيه في الملاحظات وإحنا نعمله. والشريط طويل كفاية إنك تلفيه مرتين حوالين الوسط لو حابة شكل أرفع. العناية بيه سهلة: امسحيه بقماشة مبلولة ميّة بس، وسيبيه ينشف بعيد عن الشمس، وخزّنيه مفرود أو ملفوف لفّة واسعة عشان يفضل بشكله. وكمان هدية لطيفة لصاحبتك أو أختك أو مامتك، لأنه مقاس واحد مناسب للكل ومش محتاجة تعرفي مقاسها. اطلبيه دلوقتي بـ200 جنيه بس، والتوصيل لكل محافظات مصر خلال 3 أيام عمل، والدفع عند الاستلام أو InstaPay، ومعاكي 14 يوم استرجاع بفلوسك كاملة. ولو عندك أي سؤال، كلمينا على واتساب وهنرد عليكي على طول.","in stock","new","200.00 EGP","https://vicuna-eg.com/p/sash-black/","https://vicuna-eg.com/catalog/img/sash-black.jpg","https://vicuna-eg.com/catalog/img/sash-black-detail.jpg","Vicuna","169","Clothing & Accessories > Accessories > Belts","Belts > فيونكة عريضة","wide-bow","أسود","جلد PU مستورد بليكرا طري","female","adult"
"sash-blush","حزام فيونكة بينك فاتح","بينك فاتح ناعم يدّي اللوك إحساس رقيق وأنثوي. مناسب للخروجات والعزومات والشغل، وبيقلب أي فستان سادة أو بلوزة وجيبة لطقم مميز. مصنوع من جلد PU مستورد فيه ليكرا طرية، فبيتشكّل على الخصر ويلف الوسط بشكل مظبوط، وعريض من قدّام وطري كفاية إن الفيونكة تقف بشكلها. الميزة الأساسية الفيونكة الكبيرة اللي بتتربط قدّام وبتشد العين على الوسط، وتقدري تكبّريها أو تصغّريها أو تربطيها عقدة وتسيبي الطرف نازل على حسب ذوقك. حلو على الأبيض والبيج والرمادي والأسود، وفي لوكات الصيف. المقاس العادي عرض 14 سم وطول 140 سم، وبيتلف ويتربط فبيلبس لحد وزن 90 كيلو، ولو محتاجة مقاس خاص اكتبيه في الملاحظات وإحنا نعمله. والشريط طويل كفاية إنك تلفيه مرتين حوالين الوسط لو حابة شكل أرفع. العناية بيه سهلة: امسحيه بقماشة مبلولة ميّة بس، وسيبيه ينشف بعيد عن الشمس، وخزّنيه مفرود أو ملفوف لفّة واسعة عشان يفضل بشكله. وكمان هدية لطيفة لصاحبتك أو أختك أو مامتك، لأنه مقاس واحد مناسب للكل ومش محتاجة تعرفي مقاسها. اطلبيه دلوقتي بـ200 جنيه بس، والتوصيل لكل محافظات مصر خلال 3 أيام عمل، والدفع عند الاستلام أو InstaPay، ومعاكي 14 يوم استرجاع بفلوسك كاملة. ولو عندك أي سؤال، كلمينا على واتساب وهنرد عليكي على طول.","in stock","new","200.00 EGP","https://vicuna-eg.com/p/sash-blush/","https://vicuna-eg.com/catalog/img/sash-blush.jpg","https://vicuna-eg.com/catalog/img/sash-blush-detail.jpg","Vicuna","169","Clothing & Accessories > Accessories > Belts","Belts > فيونكة عريضة","wide-bow","وردي","جلد PU مستورد بليكرا طري","female","adult"
"sash-green","حزام فيونكة أخضر","الأخضر الجريء ده بيخلي اللبس المحايد كله يتكلم. مناسب للخروجات والعزومات والشغل، وبيقلب أي فستان سادة أو بلوزة وجيبة لطقم مميز. مصنوع من جلد PU مستورد فيه ليكرا طرية، فبيتشكّل على الخصر ويلف الوسط بشكل مظبوط، وعريض من قدّام وطري كفاية إن الفيونكة تقف بشكلها. الميزة الأساسية الفيونكة الكبيرة اللي بتتربط قدّام وبتشد العين على الوسط، وتقدري تكبّريها أو تصغّريها أو تربطيها عقدة وتسيبي الطرف نازل على حسب ذوقك. خلي باقي اللبس أبيض أو بيج أو أسود، وسيبي الحزام هو اللي يلفت النظر. المقاس العادي عرض 14 سم وطول 140 سم، وبيتلف ويتربط فبيلبس لحد وزن 90 كيلو، ولو محتاجة مقاس خاص اكتبيه في الملاحظات وإحنا نعمله. والشريط طويل كفاية إنك تلفيه مرتين حوالين الوسط لو حابة شكل أرفع. العناية بيه سهلة: امسحيه بقماشة مبلولة ميّة بس، وسيبيه ينشف بعيد عن الشمس، وخزّنيه مفرود أو ملفوف لفّة واسعة عشان يفضل بشكله. وكمان هدية لطيفة لصاحبتك أو أختك أو مامتك، لأنه مقاس واحد مناسب للكل ومش محتاجة تعرفي مقاسها. اطلبيه دلوقتي بـ200 جنيه بس، والتوصيل لكل محافظات مصر خلال 3 أيام عمل، والدفع عند الاستلام أو InstaPay، ومعاكي 14 يوم استرجاع بفلوسك كاملة. ولو عندك أي سؤال، كلمينا على واتساب وهنرد عليكي على طول.","in stock","new","200.00 EGP","https://vicuna-eg.com/p/sash-green/","https://vicuna-eg.com/catalog/img/sash-green.jpg","https://vicuna-eg.com/catalog/img/sash-green-detail.jpg","Vicuna","169","Clothing & Accessories > Accessories > Belts","Belts > فيونكة عريضة","wide-bow","أخضر","جلد PU مستورد بليكرا طري","female","adult"
"sash-cognac","حزام فيونكة كونياك","لون الكونياك الكلاسيكي اللي عمره ما يقدم. مناسب للخروجات والعزومات والشغل، وبيقلب أي فستان سادة أو بلوزة وجيبة لطقم مميز. مصنوع من جلد PU مستورد فيه ليكرا طرية، فبيتشكّل على الخصر ويلف الوسط بشكل مظبوط، وعريض من قدّام وطري كفاية إن الفيونكة تقف بشكلها. الميزة الأساسية الفيونكة الكبيرة اللي بتتربط قدّام وبتشد العين على الوسط، وتقدري تكبّريها أو تصغّريها أو تربطيها عقدة وتسيبي الطرف نازل على حسب ذوقك. على الأبيض والأسود والجينز والأخضر الزيتي، ومع بوت أو شنطة بني. المقاس العادي عرض 14 سم وطول 140 سم، وبيتلف ويتربط فبيلبس لحد وزن 90 كيلو، ولو محتاجة مقاس خاص اكتبيه في الملاحظات وإحنا نعمله. والشريط طويل كفاية إنك تلفيه مرتين حوالين الوسط لو حابة شكل أرفع. العناية بيه سهلة: امسحيه بقماشة مبلولة ميّة بس، وسيبيه ينشف بعيد عن الشمس، وخزّنيه مفرود أو ملفوف لفّة واسعة عشان يفضل بشكله. وكمان هدية لطيفة لصاحبتك أو أختك أو مامتك، لأنه مقاس واحد مناسب للكل ومش محتاجة تعرفي مقاسها. اطلبيه دلوقتي بـ200 جنيه بس، والتوصيل لكل محافظات مصر خلال 3 أيام عمل، والدفع عند الاستلام أو InstaPay، ومعاكي 14 يوم استرجاع بفلوسك كاملة. ولو عندك أي سؤال، كلمينا على واتساب وهنرد عليكي على طول.","in stock","new","200.00 EGP","https://vicuna-eg.com/p/sash-cognac/","https://vicuna-eg.com/catalog/img/sash-cognac.jpg","https://vicuna-eg.com/catalog/img/sash-cognac-detail.jpg","Vicuna","169","Clothing & Accessories > Accessories > Belts","Belts > فيونكة عريضة","wide-bow","بني","جلد PU مستورد بليكرا طري","female","adult"
"sash-brown","حزام فيونكة بني غامق","بني غامق راقي، بديل أنيق للأسود. مناسب للخروجات والعزومات والشغل، وبيقلب أي فستان سادة أو بلوزة وجيبة لطقم مميز. مصنوع من جلد PU مستورد فيه ليكرا طرية، فبيتشكّل على الخصر ويلف الوسط بشكل مظبوط، وعريض من قدّام وطري كفاية إن الفيونكة تقف بشكلها. الميزة الأساسية الفيونكة الكبيرة اللي بتتربط قدّام وبتشد العين على الوسط، وتقدري تكبّريها أو تصغّريها أو تربطيها عقدة وتسيبي الطرف نازل على حسب ذوقك. حلو على البيج والكريمي والأبيض والكاكي. المقاس العادي عرض 14 سم وطول 140 سم، وبيتلف ويتربط فبيلبس لحد وزن 90 كيلو، ولو محتاجة مقاس خاص اكتبيه في الملاحظات وإحنا نعمله. والشريط طويل كفاية إنك تلفيه مرتين حوالين الوسط لو حابة شكل أرفع. العناية بيه سهلة: امسحيه بقماشة مبلولة ميّة بس، وسيبيه ينشف بعيد عن الشمس، وخزّنيه مفرود أو ملفوف لفّة واسعة عشان يفضل بشكله. وكمان هدية لطيفة لصاحبتك أو أختك أو مامتك، لأنه مقاس واحد مناسب للكل ومش محتاجة تعرفي مقاسها. اطلبيه دلوقتي بـ200 جنيه بس، والتوصيل لكل محافظات مصر خلال 3 أيام عمل، والدفع عند الاستلام أو InstaPay، ومعاكي 14 يوم استرجاع بفلوسك كاملة. ولو عندك أي سؤال، كلمينا على واتساب وهنرد عليكي على طول.","in stock","new","200.00 EGP","https://vicuna-eg.com/p/sash-brown/","https://vicuna-eg.com/catalog/img/sash-brown.jpg","https://vicuna-eg.com/catalog/img/sash-brown-detail.jpg","Vicuna","169","Clothing & Accessories > Accessories > Belts","Belts > فيونكة عريضة","wide-bow","بني","جلد PU مستورد بليكرا طري","female","adult"
"twist-grey","حزام فيونكة رمادي مجدول","حزام رمادي مجدول بتصميم مختلف عن أي حزام شفتيه. مناسب للخروجات والعزومات والشغل، وبيقلب أي فستان سادة أو بلوزة وجيبة لطقم مميز. مصنوع من جلد PU مستورد فيه ليكرا طرية، فبيتشكّل على الخصر ويلف الوسط بشكل مظبوط، وعريض من قدّام وطري كفاية إن الفيونكة تقف بشكلها. الميزة الأساسية الفيونكة الكبيرة اللي بتتربط قدّام وبتشد العين على الوسط، وتقدري تكبّريها أو تصغّريها أو تربطيها عقدة وتسيبي الطرف نازل على حسب ذوقك. على الأسود والأبيض والكحلي والوردي، ومع إكسسوارات فضي. المقاس العادي عرض 14 سم وطول 140 سم، وبيتلف ويتربط فبيلبس لحد وزن 90 كيلو، ولو محتاجة مقاس خاص اكتبيه في الملاحظات وإحنا نعمله. والشريط طويل كفاية إنك تلفيه مرتين حوالين الوسط لو حابة شكل أرفع. العناية بيه سهلة: امسحيه بقماشة مبلولة ميّة بس، وسيبيه ينشف بعيد عن الشمس، وخزّنيه مفرود أو ملفوف لفّة واسعة عشان يفضل بشكله. وكمان هدية لطيفة لصاحبتك أو أختك أو مامتك، لأنه مقاس واحد مناسب للكل ومش محتاجة تعرفي مقاسها. اطلبيه دلوقتي بـ200 جنيه بس، والتوصيل لكل محافظات مصر خلال 3 أيام عمل، والدفع عند الاستلام أو InstaPay، ومعاكي 14 يوم استرجاع بفلوسك كاملة. ولو عندك أي سؤال، كلمينا على واتساب وهنرد عليكي على طول.","in stock","new","200.00 EGP","https://vicuna-eg.com/p/twist-grey/","https://vicuna-eg.com/catalog/img/twist-grey.jpg","https://vicuna-eg.com/catalog/img/twist-grey-detail.jpg","Vicuna","169","Clothing & Accessories > Accessories > Belts","Belts > فيونكة عريضة","wide-bow","رمادي وفضي","جلد PU مستورد بليكرا طري","female","adult"
"classic-white","حزام شريط رفيع أبيض","حزام أبيض كلاسيكي بشريط رفيع، أساسي في كل دولاب. مناسب لكل يوم: الشغل والجامعة والخروجات، على فستان أو قميص أو جاكيت أو حتى بالطو. حزام عريض من جلد PU مستورد فيه ليكرا طرية بتتشكّل على وسطك، وشريط رفيع بيلف حوالين الوسط، وخفيف جداً فمش هتحسي بيه طول اليوم. الكلاسيكي اللي بيمشي مع كل حاجة: لفّة واحدة وفيونكة صغيرة، وبيثبت مكانه من غير ما يتزحلق. على الأسود والكحلي والألوان الغامقة بيبان جداً، وعلى الجينز كمان. المقاس العادي عرض 14 سم وطول 140 سم، وبيتلف ويتربط فبيلبس لحد وزن 90 كيلو، ولو محتاجة مقاس خاص اكتبيه في الملاحظات وإحنا نعمله. والشريط طويل كفاية إنك تلفيه مرتين حوالين الوسط لو حابة شكل أرفع. العناية بيه سهلة: امسحيه بقماشة مبلولة ميّة بس، وسيبيه ينشف بعيد عن الشمس، وخزّنيه مفرود أو ملفوف لفّة واسعة عشان يفضل بشكله. وكمان هدية لطيفة لصاحبتك أو أختك أو مامتك، لأنه مقاس واحد مناسب للكل ومش محتاجة تعرفي مقاسها. اطلبيه دلوقتي بـ120 جنيه بس، والتوصيل لكل محافظات مصر خلال 3 أيام عمل، والدفع عند الاستلام أو InstaPay، ومعاكي 14 يوم استرجاع بفلوسك كاملة. ولو عندك أي سؤال، كلمينا على واتساب وهنرد عليكي على طول.","in stock","new","120.00 EGP","https://vicuna-eg.com/p/classic-white/","https://vicuna-eg.com/catalog/img/classic-white.jpg","https://vicuna-eg.com/catalog/img/classic-white-detail.jpg","Vicuna","169","Clothing & Accessories > Accessories > Belts","Belts > شريط رفيع","thin-tie","أبيض","جلد PU مستورد بليكرا طري","female","adult"
"classic-red","حزام شريط رفيع أحمر","لمسة أحمر بسيطة تفرق في اللبس اليومي. مناسب لكل يوم: الشغل والجامعة والخروجات، على فستان أو قميص أو جاكيت أو حتى بالطو. حزام عريض من جلد PU مستورد فيه ليكرا طرية بتتشكّل على وسطك، وشريط رفيع بيلف حوالين الوسط، وخفيف جداً فمش هتحسي بيه طول اليوم. الكلاسيكي اللي بيمشي مع كل حاجة: لفّة واحدة وفيونكة صغيرة، وبيثبت مكانه من غير ما يتزحلق. على الأسود والأبيض والكحلي والجينز. المقاس العادي عرض 14 سم وطول 140 سم، وبيتلف ويتربط فبيلبس لحد وزن 90 كيلو، ولو محتاجة مقاس خاص اكتبيه في الملاحظات وإحنا نعمله. والشريط طويل كفاية إنك تلفيه مرتين حوالين الوسط لو حابة شكل أرفع. العناية بيه سهلة: امسحيه بقماشة مبلولة ميّة بس، وسيبيه ينشف بعيد عن الشمس، وخزّنيه مفرود أو ملفوف لفّة واسعة عشان يفضل بشكله. وكمان هدية لطيفة لصاحبتك أو أختك أو مامتك، لأنه مقاس واحد مناسب للكل ومش محتاجة تعرفي مقاسها. اطلبيه دلوقتي بـ120 جنيه بس، والتوصيل لكل محافظات مصر خلال 3 أيام عمل، والدفع عند الاستلام أو InstaPay، ومعاكي 14 يوم استرجاع بفلوسك كاملة. ولو عندك أي سؤال، كلمينا على واتساب وهنرد عليكي على طول.","in stock","new","120.00 EGP","https://vicuna-eg.com/p/classic-red/","https://vicuna-eg.com/catalog/img/classic-red.jpg","https://vicuna-eg.com/catalog/img/classic-red-detail.jpg","Vicuna","169","Clothing & Accessories > Accessories > Belts","Belts > شريط رفيع","thin-tie","أحمر","جلد PU مستورد بليكرا طري","female","adult"
"classic-rose","حزام شريط رفيع وردي غامق","وردي غامق هادي، شيك ومش صارخ. مناسب لكل يوم: الشغل والجامعة والخروجات، على فستان أو قميص أو جاكيت أو حتى بالطو. حزام عريض من جلد PU مستورد فيه ليكرا طرية بتتشكّل على وسطك، وشريط رفيع بيلف حوالين الوسط، وخفيف جداً فمش هتحسي بيه طول اليوم. الكلاسيكي اللي بيمشي مع كل حاجة: لفّة واحدة وفيونكة صغيرة، وبيثبت مكانه من غير ما يتزحلق. حلو على البيج والرمادي والأبيض والأسود. المقاس العادي عرض 14 سم وطول 140 سم، وبيتلف ويتربط فبيلبس لحد وزن 90 كيلو، ولو محتاجة مقاس خاص اكتبيه في الملاحظات وإحنا نعمله. والشريط طويل كفاية إنك تلفيه مرتين حوالين الوسط لو حابة شكل أرفع. العناية بيه سهلة: امسحيه بقماشة مبلولة ميّة بس، وسيبيه ينشف بعيد عن الشمس، وخزّنيه مفرود أو ملفوف لفّة واسعة عشان يفضل بشكله. وكمان هدية لطيفة لصاحبتك أو أختك أو مامتك، لأنه مقاس واحد مناسب للكل ومش محتاجة تعرفي مقاسها. اطلبيه دلوقتي بـ120 جنيه بس، والتوصيل لكل محافظات مصر خلال 3 أيام عمل، والدفع عند الاستلام أو InstaPay، ومعاكي 14 يوم استرجاع بفلوسك كاملة. ولو عندك أي سؤال، كلمينا على واتساب وهنرد عليكي على طول.","in stock","new","120.00 EGP","https://vicuna-eg.com/p/classic-rose/","https://vicuna-eg.com/catalog/img/classic-rose.jpg","https://vicuna-eg.com/catalog/img/classic-rose-detail.jpg","Vicuna","169","Clothing & Accessories > Accessories > Belts","Belts > شريط رفيع","thin-tie","أحمر","جلد PU مستورد بليكرا طري","female","adult"
"classic-pink-suede","حزام شريط رفيع بينك","بينك ناعم ورقيق، ومريح جداً في اللبس. مناسب لكل يوم: الشغل والجامعة والخروجات، على فستان أو قميص أو جاكيت أو حتى بالطو. حزام عريض من جلد PU مستورد فيه ليكرا طرية بتتشكّل على وسطك، وشريط رفيع بيلف حوالين الوسط، وخفيف جداً فمش هتحسي بيه طول اليوم. الكلاسيكي اللي بيمشي مع كل حاجة: لفّة واحدة وفيونكة صغيرة، وبيثبت مكانه من غير ما يتزحلق. على الأبيض والرمادي والكحلي، وفي لوكات الشتا الفاتحة. المقاس العادي عرض 14 سم وطول 140 سم، وبيتلف ويتربط فبيلبس لحد وزن 90 كيلو، ولو محتاجة مقاس خاص اكتبيه في الملاحظات وإحنا نعمله. والشريط طويل كفاية إنك تلفيه مرتين حوالين الوسط لو حابة شكل أرفع. العناية بيه سهلة: امسحيه بقماشة مبلولة ميّة بس، وسيبيه ينشف بعيد عن الشمس، وخزّنيه مفرود أو ملفوف لفّة واسعة عشان يفضل بشكله. وكمان هدية لطيفة لصاحبتك أو أختك أو مامتك، لأنه مقاس واحد مناسب للكل ومش محتاجة تعرفي مقاسها. اطلبيه دلوقتي بـ120 جنيه بس، والتوصيل لكل محافظات مصر خلال 3 أيام عمل، والدفع عند الاستلام أو InstaPay، ومعاكي 14 يوم استرجاع بفلوسك كاملة. ولو عندك أي سؤال، كلمينا على واتساب وهنرد عليكي على طول.","in stock","new","120.00 EGP","https://vicuna-eg.com/p/classic-pink-suede/","https://vicuna-eg.com/catalog/img/classic-pink-suede.jpg","https://vicuna-eg.com/catalog/img/classic-pink-suede-detail.jpg","Vicuna","169","Clothing & Accessories > Accessories > Belts","Belts > شريط رفيع","thin-tie","وردي","جلد PU مستورد بليكرا طري","female","adult"
"classic-mustard","حزام شريط رفيع مسطردة","مسطردة مبهج يصحّي أي لبس سادة في ثانية. مناسب لكل يوم: الشغل والجامعة والخروجات، على فستان أو قميص أو جاكيت أو حتى بالطو. حزام عريض من جلد PU مستورد فيه ليكرا طرية بتتشكّل على وسطك، وشريط رفيع بيلف حوالين الوسط، وخفيف جداً فمش هتحسي بيه طول اليوم. الكلاسيكي اللي بيمشي مع كل حاجة: لفّة واحدة وفيونكة صغيرة، وبيثبت مكانه من غير ما يتزحلق. على الأسود والكحلي والأبيض والجينز. المقاس العادي عرض 14 سم وطول 140 سم، وبيتلف ويتربط فبيلبس لحد وزن 90 كيلو، ولو محتاجة مقاس خاص اكتبيه في الملاحظات وإحنا نعمله. والشريط طويل كفاية إنك تلفيه مرتين حوالين الوسط لو حابة شكل أرفع. العناية بيه سهلة: امسحيه بقماشة مبلولة ميّة بس، وسيبيه ينشف بعيد عن الشمس، وخزّنيه مفرود أو ملفوف لفّة واسعة عشان يفضل بشكله. وكمان هدية لطيفة لصاحبتك أو أختك أو مامتك، لأنه مقاس واحد مناسب للكل ومش محتاجة تعرفي مقاسها. اطلبيه دلوقتي بـ120 جنيه بس، والتوصيل لكل محافظات مصر خلال 3 أيام عمل، والدفع عند الاستلام أو InstaPay، ومعاكي 14 يوم استرجاع بفلوسك كاملة. ولو عندك أي سؤال، كلمينا على واتساب وهنرد عليكي على طول.","in stock","new","120.00 EGP","https://vicuna-eg.com/p/classic-mustard/","https://vicuna-eg.com/catalog/img/classic-mustard.jpg","https://vicuna-eg.com/catalog/img/classic-mustard-detail.jpg","Vicuna","169","Clothing & Accessories > Accessories > Belts","Belts > شريط رفيع","thin-tie","أصفر وبرتقالي","جلد PU مستورد بليكرا طري","female","adult"
"classic-orange-suede","حزام شريط رفيع برتقالي","برتقالي دافي، لون مختلف وعصري. مناسب لكل يوم: الشغل والجامعة والخروجات، على فستان أو قميص أو جاكيت أو حتى بالطو. حزام عريض من جلد PU مستورد فيه ليكرا طرية بتتشكّل على وسطك، وشريط رفيع بيلف حوالين الوسط، وخفيف جداً فمش هتحسي بيه طول اليوم. الكلاسيكي اللي بيمشي مع كل حاجة: لفّة واحدة وفيونكة صغيرة، وبيثبت مكانه من غير ما يتزحلق. بيمشي مع البني والبيج والكحلي والأبيض. المقاس العادي عرض 14 سم وطول 140 سم، وبيتلف ويتربط فبيلبس لحد وزن 90 كيلو، ولو محتاجة مقاس خاص اكتبيه في الملاحظات وإحنا نعمله. والشريط طويل كفاية إنك تلفيه مرتين حوالين الوسط لو حابة شكل أرفع. العناية بيه سهلة: امسحيه بقماشة مبلولة ميّة بس، وسيبيه ينشف بعيد عن الشمس، وخزّنيه مفرود أو ملفوف لفّة واسعة عشان يفضل بشكله. وكمان هدية لطيفة لصاحبتك أو أختك أو مامتك، لأنه مقاس واحد مناسب للكل ومش محتاجة تعرفي مقاسها. اطلبيه دلوقتي بـ120 جنيه بس، والتوصيل لكل محافظات مصر خلال 3 أيام عمل، والدفع عند الاستلام أو InstaPay، ومعاكي 14 يوم استرجاع بفلوسك كاملة. ولو عندك أي سؤال، كلمينا على واتساب وهنرد عليكي على طول.","in stock","new","120.00 EGP","https://vicuna-eg.com/p/classic-orange-suede/","https://vicuna-eg.com/catalog/img/classic-orange-suede.jpg","https://vicuna-eg.com/catalog/img/classic-orange-suede-detail.jpg","Vicuna","169","Clothing & Accessories > Accessories > Belts","Belts > شريط رفيع","thin-tie","أصفر وبرتقالي","جلد PU مستورد بليكرا طري","female","adult"
"classic-camel-suede","حزام شريط رفيع كامل","لون الكامل الكلاسيكي، من أسهل الألوان في التنسيق. مناسب لكل يوم: الشغل والجامعة والخروجات، على فستان أو قميص أو جاكيت أو حتى بالطو. حزام عريض من جلد PU مستورد فيه ليكرا طرية بتتشكّل على وسطك، وشريط رفيع بيلف حوالين الوسط، وخفيف جداً فمش هتحسي بيه طول اليوم. الكلاسيكي اللي بيمشي مع كل حاجة: لفّة واحدة وفيونكة صغيرة، وبيثبت مكانه من غير ما يتزحلق. على الأبيض والأسود والأخضر والجينز، ومع بوت بني. المقاس العادي عرض 14 سم وطول 140 سم، وبيتلف ويتربط فبيلبس لحد وزن 90 كيلو، ولو محتاجة مقاس خاص اكتبيه في الملاحظات وإحنا نعمله. والشريط طويل كفاية إنك تلفيه مرتين حوالين الوسط لو حابة شكل أرفع. العناية بيه سهلة: امسحيه بقماشة مبلولة ميّة بس، وسيبيه ينشف بعيد عن الشمس، وخزّنيه مفرود أو ملفوف لفّة واسعة عشان يفضل بشكله. وكمان هدية لطيفة لصاحبتك أو أختك أو مامتك، لأنه مقاس واحد مناسب للكل ومش محتاجة تعرفي مقاسها. اطلبيه دلوقتي بـ120 جنيه بس، والتوصيل لكل محافظات مصر خلال 3 أيام عمل، والدفع عند الاستلام أو InstaPay، ومعاكي 14 يوم استرجاع بفلوسك كاملة. ولو عندك أي سؤال، كلمينا على واتساب وهنرد عليكي على طول.","in stock","new","120.00 EGP","https://vicuna-eg.com/p/classic-camel-suede/","https://vicuna-eg.com/catalog/img/classic-camel-suede.jpg","https://vicuna-eg.com/catalog/img/classic-camel-suede-detail.jpg","Vicuna","169","Clothing & Accessories > Accessories > Belts","Belts > شريط رفيع","thin-tie","بني","جلد PU مستورد بليكرا طري","female","adult"
"classic-green","حزام شريط رفيع أخضر زمردي","أخضر زمردي غني، فخم وجريء في نفس الوقت. مناسب لكل يوم: الشغل والجامعة والخروجات، على فستان أو قميص أو جاكيت أو حتى بالطو. حزام عريض من جلد PU مستورد فيه ليكرا طرية بتتشكّل على وسطك، وشريط رفيع بيلف حوالين الوسط، وخفيف جداً فمش هتحسي بيه طول اليوم. الكلاسيكي اللي بيمشي مع كل حاجة: لفّة واحدة وفيونكة صغيرة، وبيثبت مكانه من غير ما يتزحلق. على الأسود والأبيض والبيج، ومع إكسسوارات دهبي. المقاس العادي عرض 14 سم وطول 140 سم، وبيتلف ويتربط فبيلبس لحد وزن 90 كيلو، ولو محتاجة مقاس خاص اكتبيه في الملاحظات وإحنا نعمله. والشريط طويل كفاية إنك تلفيه مرتين حوالين الوسط لو حابة شكل أرفع. العناية بيه سهلة: امسحيه بقماشة مبلولة ميّة بس، وسيبيه ينشف بعيد عن الشمس، وخزّنيه مفرود أو ملفوف لفّة واسعة عشان يفضل بشكله. وكمان هدية لطيفة لصاحبتك أو أختك أو مامتك، لأنه مقاس واحد مناسب للكل ومش محتاجة تعرفي مقاسها. اطلبيه دلوقتي بـ120 جنيه بس، والتوصيل لكل محافظات مصر خلال 3 أيام عمل، والدفع عند الاستلام أو InstaPay، ومعاكي 14 يوم استرجاع بفلوسك كاملة. ولو عندك أي سؤال، كلمينا على واتساب وهنرد عليكي على طول.","in stock","new","120.00 EGP","https://vicuna-eg.com/p/classic-green/","https://vicuna-eg.com/catalog/img/classic-green.jpg","https://vicuna-eg.com/catalog/img/classic-green-detail.jpg","Vicuna","169","Clothing & Accessories > Accessories > Belts","Belts > شريط رفيع","thin-tie","أخضر","جلد PU مستورد بليكرا طري","female","adult"
"classic-sky-blue","حزام شريط رفيع لبني","لبني منعش، لون الصيف في حزام. مناسب لكل يوم: الشغل والجامعة والخروجات، على فستان أو قميص أو جاكيت أو حتى بالطو. حزام عريض من جلد PU مستورد فيه ليكرا طرية بتتشكّل على وسطك، وشريط رفيع بيلف حوالين الوسط، وخفيف جداً فمش هتحسي بيه طول اليوم. الكلاسيكي اللي بيمشي مع كل حاجة: لفّة واحدة وفيونكة صغيرة، وبيثبت مكانه من غير ما يتزحلق. على الأبيض والبيج والكحلي والجينز الفاتح. المقاس العادي عرض 14 سم وطول 140 سم، وبيتلف ويتربط فبيلبس لحد وزن 90 كيلو، ولو محتاجة مقاس خاص اكتبيه في الملاحظات وإحنا نعمله. والشريط طويل كفاية إنك تلفيه مرتين حوالين الوسط لو حابة شكل أرفع. العناية بيه سهلة: امسحيه بقماشة مبلولة ميّة بس، وسيبيه ينشف بعيد عن الشمس، وخزّنيه مفرود أو ملفوف لفّة واسعة عشان يفضل بشكله. وكمان هدية لطيفة لصاحبتك أو أختك أو مامتك، لأنه مقاس واحد مناسب للكل ومش محتاجة تعرفي مقاسها. اطلبيه دلوقتي بـ120 جنيه بس، والتوصيل لكل محافظات مصر خلال 3 أيام عمل، والدفع عند الاستلام أو InstaPay، ومعاكي 14 يوم استرجاع بفلوسك كاملة. ولو عندك أي سؤال، كلمينا على واتساب وهنرد عليكي على طول.","in stock","new","120.00 EGP","https://vicuna-eg.com/p/classic-sky-blue/","https://vicuna-eg.com/catalog/img/classic-sky-blue.jpg","https://vicuna-eg.com/catalog/img/classic-sky-blue-detail.jpg","Vicuna","169","Clothing & Accessories > Accessories > Belts","Belts > شريط رفيع","thin-tie","أزرق","جلد PU مستورد بليكرا طري","female","adult"
"classic-royal-blue","حزام شريط رفيع أزرق ملكي","أزرق ملكي قوي يدّي اللوك حضور من غير مجهود. مناسب لكل يوم: الشغل والجامعة والخروجات، على فستان أو قميص أو جاكيت أو حتى بالطو. حزام عريض من جلد PU مستورد فيه ليكرا طرية بتتشكّل على وسطك، وشريط رفيع بيلف حوالين الوسط، وخفيف جداً فمش هتحسي بيه طول اليوم. الكلاسيكي اللي بيمشي مع كل حاجة: لفّة واحدة وفيونكة صغيرة، وبيثبت مكانه من غير ما يتزحلق. على الأبيض والأسود والبيج والرمادي. المقاس العادي عرض 14 سم وطول 140 سم، وبيتلف ويتربط فبيلبس لحد وزن 90 كيلو، ولو محتاجة مقاس خاص اكتبيه في الملاحظات وإحنا نعمله. والشريط طويل كفاية إنك تلفيه مرتين حوالين الوسط لو حابة شكل أرفع. العناية بيه سهلة: امسحيه بقماشة مبلولة ميّة بس، وسيبيه ينشف بعيد عن الشمس، وخزّنيه مفرود أو ملفوف لفّة واسعة عشان يفضل بشكله. وكمان هدية لطيفة لصاحبتك أو أختك أو مامتك، لأنه مقاس واحد مناسب للكل ومش محتاجة تعرفي مقاسها. اطلبيه دلوقتي بـ120 جنيه بس، والتوصيل لكل محافظات مصر خلال 3 أيام عمل، والدفع عند الاستلام أو InstaPay، ومعاكي 14 يوم استرجاع بفلوسك كاملة. ولو عندك أي سؤال، كلمينا على واتساب وهنرد عليكي على طول.","in stock","new","120.00 EGP","https://vicuna-eg.com/p/classic-royal-blue/","https://vicuna-eg.com/catalog/img/classic-royal-blue.jpg","https://vicuna-eg.com/catalog/img/classic-royal-blue-detail.jpg","Vicuna","169","Clothing & Accessories > Accessories > Belts","Belts > شريط رفيع","thin-tie","أزرق","جلد PU مستورد بليكرا طري","female","adult"
"classic-navy","حزام شريط رفيع كحلي","كحلي عملي وأنيق، بديل هادي للأسود في الشغل. مناسب لكل يوم: الشغل والجامعة والخروجات، على فستان أو قميص أو جاكيت أو حتى بالطو. حزام عريض من جلد PU مستورد فيه ليكرا طرية بتتشكّل على وسطك، وشريط رفيع بيلف حوالين الوسط، وخفيف جداً فمش هتحسي بيه طول اليوم. الكلاسيكي اللي بيمشي مع كل حاجة: لفّة واحدة وفيونكة صغيرة، وبيثبت مكانه من غير ما يتزحلق. على الأبيض والبيج والرمادي والأحمر. المقاس العادي عرض 14 سم وطول 140 سم، وبيتلف ويتربط فبيلبس لحد وزن 90 كيلو، ولو محتاجة مقاس خاص اكتبيه في الملاحظات وإحنا نعمله. والشريط طويل كفاية إنك تلفيه مرتين حوالين الوسط لو حابة شكل أرفع. العناية بيه سهلة: امسحيه بقماشة مبلولة ميّة بس، وسيبيه ينشف بعيد عن الشمس، وخزّنيه مفرود أو ملفوف لفّة واسعة عشان يفضل بشكله. وكمان هدية لطيفة لصاحبتك أو أختك أو مامتك، لأنه مقاس واحد مناسب للكل ومش محتاجة تعرفي مقاسها. اطلبيه دلوقتي بـ120 جنيه بس، والتوصيل لكل محافظات مصر خلال 3 أيام عمل، والدفع عند الاستلام أو InstaPay، ومعاكي 14 يوم استرجاع بفلوسك كاملة. ولو عندك أي سؤال، كلمينا على واتساب وهنرد عليكي على طول.","in stock","new","120.00 EGP","https://vicuna-eg.com/p/classic-navy/","https://vicuna-eg.com/catalog/img/classic-navy.jpg","https://vicuna-eg.com/catalog/img/classic-navy-detail.jpg","Vicuna","169","Clothing & Accessories > Accessories > Belts","Belts > شريط رفيع","thin-tie","أزرق","جلد PU مستورد بليكرا طري","female","adult"
"croc-black","حزام كروكو أسود","نقشة كروكو سودا فخمة تدّي أي طقم شخصية. مناسب للشغل والخروجات والسهرات، وبيدّي أي لبس سادة شخصية وحضور. جلد PU مستورد بنقشة كروكو بارزة ودقيقة، ومعاه شريط رفيع للربط. النقشة هي النجمة هنا: لمسة جريئة وفخمة من غير ما تحتاجي أي إكسسوار تاني. على الأبيض والبيج والأحمر والجمل، ومع جزمة أو شنطة سودا. المقاس العادي عرض 14 سم وطول 140 سم، وبيتلف ويتربط فبيلبس لحد وزن 90 كيلو، ولو محتاجة مقاس خاص اكتبيه في الملاحظات وإحنا نعمله. والشريط طويل كفاية إنك تلفيه مرتين حوالين الوسط لو حابة شكل أرفع. العناية بيه سهلة: امسحيه بقماشة مبلولة ميّة بس، وسيبيه ينشف بعيد عن الشمس، وخزّنيه مفرود أو ملفوف لفّة واسعة عشان يفضل بشكله. وكمان هدية لطيفة لصاحبتك أو أختك أو مامتك، لأنه مقاس واحد مناسب للكل ومش محتاجة تعرفي مقاسها. اطلبيه دلوقتي بـ200 جنيه بس، والتوصيل لكل محافظات مصر خلال 3 أيام عمل، والدفع عند الاستلام أو InstaPay، ومعاكي 14 يوم استرجاع بفلوسك كاملة. ولو عندك أي سؤال، كلمينا على واتساب وهنرد عليكي على طول.","in stock","new","200.00 EGP","https://vicuna-eg.com/p/croc-black/","https://vicuna-eg.com/catalog/img/croc-black.jpg","https://vicuna-eg.com/catalog/img/croc-black-detail.jpg","Vicuna","169","Clothing & Accessories > Accessories > Belts","Belts > كروكو","croc","أسود","جلد PU مستورد بنقشة كروكو","female","adult"
"croc-wine","حزام كروكو عنابي","كروكو بلون عنابي غامق، جريء وراقي. مناسب للشغل والخروجات والسهرات، وبيدّي أي لبس سادة شخصية وحضور. جلد PU مستورد بنقشة كروكو بارزة ودقيقة، ومعاه شريط رفيع للربط. النقشة هي النجمة هنا: لمسة جريئة وفخمة من غير ما تحتاجي أي إكسسوار تاني. على الأسود والبيج والرمادي، وفي لوكات الشتا. المقاس العادي عرض 14 سم وطول 140 سم، وبيتلف ويتربط فبيلبس لحد وزن 90 كيلو، ولو محتاجة مقاس خاص اكتبيه في الملاحظات وإحنا نعمله. والشريط طويل كفاية إنك تلفيه مرتين حوالين الوسط لو حابة شكل أرفع. العناية بيه سهلة: امسحيه بقماشة مبلولة ميّة بس، وسيبيه ينشف بعيد عن الشمس، وخزّنيه مفرود أو ملفوف لفّة واسعة عشان يفضل بشكله. وكمان هدية لطيفة لصاحبتك أو أختك أو مامتك، لأنه مقاس واحد مناسب للكل ومش محتاجة تعرفي مقاسها. اطلبيه دلوقتي بـ200 جنيه بس، والتوصيل لكل محافظات مصر خلال 3 أيام عمل، والدفع عند الاستلام أو InstaPay، ومعاكي 14 يوم استرجاع بفلوسك كاملة. ولو عندك أي سؤال، كلمينا على واتساب وهنرد عليكي على طول.","in stock","new","200.00 EGP","https://vicuna-eg.com/p/croc-wine/","https://vicuna-eg.com/catalog/img/croc-wine.jpg","https://vicuna-eg.com/catalog/img/croc-wine-detail.jpg","Vicuna","169","Clothing & Accessories > Accessories > Belts","Belts > كروكو","croc","أحمر","جلد PU مستورد بنقشة كروكو","female","adult"
"croc-pink","حزام كروكو بينك","كروكو بينك، المزيج بين الجرأة والنعومة. مناسب للشغل والخروجات والسهرات، وبيدّي أي لبس سادة شخصية وحضور. جلد PU مستورد بنقشة كروكو بارزة ودقيقة، ومعاه شريط رفيع للربط. النقشة هي النجمة هنا: لمسة جريئة وفخمة من غير ما تحتاجي أي إكسسوار تاني. على الأبيض والرمادي والأسود والجينز. المقاس العادي عرض 14 سم وطول 140 سم، وبيتلف ويتربط فبيلبس لحد وزن 90 كيلو، ولو محتاجة مقاس خاص اكتبيه في الملاحظات وإحنا نعمله. والشريط طويل كفاية إنك تلفيه مرتين حوالين الوسط لو حابة شكل أرفع. العناية بيه سهلة: امسحيه بقماشة مبلولة ميّة بس، وسيبيه ينشف بعيد عن الشمس، وخزّنيه مفرود أو ملفوف لفّة واسعة عشان يفضل بشكله. وكمان هدية لطيفة لصاحبتك أو أختك أو مامتك، لأنه مقاس واحد مناسب للكل ومش محتاجة تعرفي مقاسها. اطلبيه دلوقتي بـ200 جنيه بس، والتوصيل لكل محافظات مصر خلال 3 أيام عمل، والدفع عند الاستلام أو InstaPay، ومعاكي 14 يوم استرجاع بفلوسك كاملة. ولو عندك أي سؤال، كلمينا على واتساب وهنرد عليكي على طول.","in stock","new","200.00 EGP","https://vicuna-eg.com/p/croc-pink/","https://vicuna-eg.com/catalog/img/croc-pink.jpg","https://vicuna-eg.com/catalog/img/croc-pink-detail.jpg","Vicuna","169","Clothing & Accessories > Accessories > Belts","Belts > كروكو","croc","وردي","جلد PU مستورد بنقشة كروكو","female","adult"
"croc-cognac","حزام كروكو كونياك","كروكو كونياك كلاسيكي، فخم وسهل في التنسيق. مناسب للشغل والخروجات والسهرات، وبيدّي أي لبس سادة شخصية وحضور. جلد PU مستورد بنقشة كروكو بارزة ودقيقة، ومعاه شريط رفيع للربط. النقشة هي النجمة هنا: لمسة جريئة وفخمة من غير ما تحتاجي أي إكسسوار تاني. على الأبيض والأسود والأخضر الزيتي والجينز. المقاس العادي عرض 14 سم وطول 140 سم، وبيتلف ويتربط فبيلبس لحد وزن 90 كيلو، ولو محتاجة مقاس خاص اكتبيه في الملاحظات وإحنا نعمله. والشريط طويل كفاية إنك تلفيه مرتين حوالين الوسط لو حابة شكل أرفع. العناية بيه سهلة: امسحيه بقماشة مبلولة ميّة بس، وسيبيه ينشف بعيد عن الشمس، وخزّنيه مفرود أو ملفوف لفّة واسعة عشان يفضل بشكله. وكمان هدية لطيفة لصاحبتك أو أختك أو مامتك، لأنه مقاس واحد مناسب للكل ومش محتاجة تعرفي مقاسها. اطلبيه دلوقتي بـ200 جنيه بس، والتوصيل لكل محافظات مصر خلال 3 أيام عمل، والدفع عند الاستلام أو InstaPay، ومعاكي 14 يوم استرجاع بفلوسك كاملة. ولو عندك أي سؤال، كلمينا على واتساب وهنرد عليكي على طول.","in stock","new","200.00 EGP","https://vicuna-eg.com/p/croc-cognac/","https://vicuna-eg.com/catalog/img/croc-cognac.jpg","https://vicuna-eg.com/catalog/img/croc-cognac-detail.jpg","Vicuna","169","Clothing & Accessories > Accessories > Belts","Belts > كروكو","croc","بني","جلد PU مستورد بنقشة كروكو","female","adult"
"snake-grey","حزام ثعبان رمادي","نقشة ثعبان رمادي عصرية، لمسة مختلفة لأي لوك. مناسب للشغل والخروجات والسهرات، وبيدّي أي لبس سادة لمسة عصرية. جلد PU مستورد بنقشة ثعبان دقيقة، ومعاه شريط رفيع للربط. نقشة الثعبان بتلفت النظر وبتمشي مع الألوان السادة كلها من غير ما تحتاجي إكسسوار تاني. على الأسود والأبيض والكحلي، ومع إكسسوارات فضي. المقاس العادي عرض 14 سم وطول 140 سم، وبيتلف ويتربط فبيلبس لحد وزن 90 كيلو، ولو محتاجة مقاس خاص اكتبيه في الملاحظات وإحنا نعمله. والشريط طويل كفاية إنك تلفيه مرتين حوالين الوسط لو حابة شكل أرفع. العناية بيه سهلة: امسحيه بقماشة مبلولة ميّة بس، وسيبيه ينشف بعيد عن الشمس، وخزّنيه مفرود أو ملفوف لفّة واسعة عشان يفضل بشكله. وكمان هدية لطيفة لصاحبتك أو أختك أو مامتك، لأنه مقاس واحد مناسب للكل ومش محتاجة تعرفي مقاسها. اطلبيه دلوقتي بـ200 جنيه بس، والتوصيل لكل محافظات مصر خلال 3 أيام عمل، والدفع عند الاستلام أو InstaPay، ومعاكي 14 يوم استرجاع بفلوسك كاملة. ولو عندك أي سؤال، كلمينا على واتساب وهنرد عليكي على طول.","in stock","new","200.00 EGP","https://vicuna-eg.com/p/snake-grey/","https://vicuna-eg.com/catalog/img/snake-grey.jpg","https://vicuna-eg.com/catalog/img/snake-grey-detail.jpg","Vicuna","169","Clothing & Accessories > Accessories > Belts","Belts > ثعبان","snake","رمادي وفضي","جلد PU مستورد بنقشة ثعبان","female","adult"
"snake-beige","حزام ثعبان بيج","نقشة ثعبان بيج هادية، جريئة بس سهلة في التنسيق. مناسب للشغل والخروجات والسهرات، وبيدّي أي لبس سادة لمسة عصرية. جلد PU مستورد بنقشة ثعبان دقيقة، ومعاه شريط رفيع للربط. نقشة الثعبان بتلفت النظر وبتمشي مع الألوان السادة كلها من غير ما تحتاجي إكسسوار تاني. على الأسود والأبيض والبني والأخضر. المقاس العادي عرض 14 سم وطول 140 سم، وبيتلف ويتربط فبيلبس لحد وزن 90 كيلو، ولو محتاجة مقاس خاص اكتبيه في الملاحظات وإحنا نعمله. والشريط طويل كفاية إنك تلفيه مرتين حوالين الوسط لو حابة شكل أرفع. العناية بيه سهلة: امسحيه بقماشة مبلولة ميّة بس، وسيبيه ينشف بعيد عن الشمس، وخزّنيه مفرود أو ملفوف لفّة واسعة عشان يفضل بشكله. وكمان هدية لطيفة لصاحبتك أو أختك أو مامتك، لأنه مقاس واحد مناسب للكل ومش محتاجة تعرفي مقاسها. اطلبيه دلوقتي بـ200 جنيه بس، والتوصيل لكل محافظات مصر خلال 3 أيام عمل، والدفع عند الاستلام أو InstaPay، ومعاكي 14 يوم استرجاع بفلوسك كاملة. ولو عندك أي سؤال، كلمينا على واتساب وهنرد عليكي على طول.","in stock","new","200.00 EGP","https://vicuna-eg.com/p/snake-beige/","https://vicuna-eg.com/catalog/img/snake-beige.jpg","https://vicuna-eg.com/catalog/img/snake-beige-detail.jpg","Vicuna","169","Clothing & Accessories > Accessories > Belts","Belts > ثعبان","snake","دهبي وبيج","جلد PU مستورد بنقشة ثعبان","female","adult"
"ruffle-red","حزام كشكشة أحمر","حزام أحمر مكشكش بيضيف حركة وأنوثة لأي فستان. مناسب للخروجات والعزومات والمناسبات، وبيليق جداً على الفساتين السادة والبلوزات الواسعة. جلد PU مستورد مكشكش من فوق ومن تحت، والكشكشة متخيطة بانتظام عشان تفضل واقفة بشكلها، ومعاه شريط للربط في النص. الكشكشة بتضيف حركة ونعومة للوسط، وبتخلي الفستان البسيط يبان كأنه متفصّل. على الأسود والأبيض والبيج، ومع شنطة حمرا صغيرة. المقاس العادي عرض 14 سم وطول 140 سم، وبيتلف ويتربط فبيلبس لحد وزن 90 كيلو، ولو محتاجة مقاس خاص اكتبيه في الملاحظات وإحنا نعمله. والشريط طويل كفاية إنك تلفيه مرتين حوالين الوسط لو حابة شكل أرفع. العناية بيه سهلة: امسحيه بقماشة مبلولة ميّة بس، وسيبيه ينشف بعيد عن الشمس، وخزّنيه مفرود أو ملفوف لفّة واسعة عشان يفضل بشكله. وكمان هدية لطيفة لصاحبتك أو أختك أو مامتك، لأنه مقاس واحد مناسب للكل ومش محتاجة تعرفي مقاسها. اطلبيه دلوقتي بـ200 جنيه بس، والتوصيل لكل محافظات مصر خلال 3 أيام عمل، والدفع عند الاستلام أو InstaPay، ومعاكي 14 يوم استرجاع بفلوسك كاملة. ولو عندك أي سؤال، كلمينا على واتساب وهنرد عليكي على طول.","in stock","new","200.00 EGP","https://vicuna-eg.com/p/ruffle-red/","https://vicuna-eg.com/catalog/img/ruffle-red.jpg","https://vicuna-eg.com/catalog/img/ruffle-red-detail.jpg","Vicuna","169","Clothing & Accessories > Accessories > Belts","Belts > كشكشة","ruffle","أحمر","جلد PU مستورد بكشكشة","female","adult"
"ruffle-black","حزام كشكشة أسود","كشكشة سودا ناعمة تخلي الفستان البسيط يبان متفصّل. مناسب للخروجات والعزومات والمناسبات، وبيليق جداً على الفساتين السادة والبلوزات الواسعة. جلد PU مستورد مكشكش من فوق ومن تحت، والكشكشة متخيطة بانتظام عشان تفضل واقفة بشكلها، ومعاه شريط للربط في النص. الكشكشة بتضيف حركة ونعومة للوسط، وبتخلي الفستان البسيط يبان كأنه متفصّل. على الأبيض والبيج والألوان الفاتحة، أو أسود في أسود. المقاس العادي عرض 14 سم وطول 140 سم، وبيتلف ويتربط فبيلبس لحد وزن 90 كيلو، ولو محتاجة مقاس خاص اكتبيه في الملاحظات وإحنا نعمله. والشريط طويل كفاية إنك تلفيه مرتين حوالين الوسط لو حابة شكل أرفع. العناية بيه سهلة: امسحيه بقماشة مبلولة ميّة بس، وسيبيه ينشف بعيد عن الشمس، وخزّنيه مفرود أو ملفوف لفّة واسعة عشان يفضل بشكله. وكمان هدية لطيفة لصاحبتك أو أختك أو مامتك، لأنه مقاس واحد مناسب للكل ومش محتاجة تعرفي مقاسها. اطلبيه دلوقتي بـ200 جنيه بس، والتوصيل لكل محافظات مصر خلال 3 أيام عمل، والدفع عند الاستلام أو InstaPay، ومعاكي 14 يوم استرجاع بفلوسك كاملة. ولو عندك أي سؤال، كلمينا على واتساب وهنرد عليكي على طول.","in stock","new","200.00 EGP","https://vicuna-eg.com/p/ruffle-black/","https://vicuna-eg.com/catalog/img/ruffle-black.jpg","https://vicuna-eg.com/catalog/img/ruffle-black-detail.jpg","Vicuna","169","Clothing & Accessories > Accessories > Belts","Belts > كشكشة","ruffle","أسود","جلد PU مستورد بكشكشة","female","adult"
"ruffle-brown","حزام كشكشة بني","كشكشة بني دافية بلمسة ناعمة ومختلفة. مناسب للخروجات والعزومات والمناسبات، وبيليق جداً على الفساتين السادة والبلوزات الواسعة. جلد PU مستورد مكشكش من فوق ومن تحت، والكشكشة متخيطة بانتظام عشان تفضل واقفة بشكلها، ومعاه شريط للربط في النص. الكشكشة بتضيف حركة ونعومة للوسط، وبتخلي الفستان البسيط يبان كأنه متفصّل. على الأبيض والبيج والكريمي والأخضر الزيتي. المقاس العادي عرض 14 سم وطول 140 سم، وبيتلف ويتربط فبيلبس لحد وزن 90 كيلو، ولو محتاجة مقاس خاص اكتبيه في الملاحظات وإحنا نعمله. والشريط طويل كفاية إنك تلفيه مرتين حوالين الوسط لو حابة شكل أرفع. العناية بيه سهلة: امسحيه بقماشة مبلولة ميّة بس، وسيبيه ينشف بعيد عن الشمس، وخزّنيه مفرود أو ملفوف لفّة واسعة عشان يفضل بشكله. وكمان هدية لطيفة لصاحبتك أو أختك أو مامتك، لأنه مقاس واحد مناسب للكل ومش محتاجة تعرفي مقاسها. اطلبيه دلوقتي بـ200 جنيه بس، والتوصيل لكل محافظات مصر خلال 3 أيام عمل، والدفع عند الاستلام أو InstaPay، ومعاكي 14 يوم استرجاع بفلوسك كاملة. ولو عندك أي سؤال، كلمينا على واتساب وهنرد عليكي على طول.","in stock","new","200.00 EGP","https://vicuna-eg.com/p/ruffle-brown/","https://vicuna-eg.com/catalog/img/ruffle-brown.jpg","https://vicuna-eg.com/catalog/img/ruffle-brown-detail.jpg","Vicuna","169","Clothing & Accessories > Accessories > Belts","Belts > كشكشة","ruffle","بني","جلد PU مستورد بكشكشة","female","adult"
